Borough,District,Population,Householdswithchildrenunder18yearsold,RacialDiversityIndex,Populationaged65,Populationaged25withabachelorsdegreeorhigher,Populationaged25withouthighschooldiploma,Unemployment rate,PercentageUnemployment,Poverty Rate,PercentagePoverty,Food waste in tons,Foodscraps per person,Food waste per person in pounds,Median Household Income
1,1,148982,0.160962,0.447625,0.14291,0.809077,0.117118,,0,0.0884715,8.84715,192.8,0.04588770747,91.77541494,150081.3496
1,2,148982,0.160962,0.447625,0.14291,0.809077,0.185943,0.0473353,4.73353,0.0884715,8.84715,N/A,#VALUE!,#VALUE!,150081.3496
1,3,160490,0.162637,0.713279,0.194772,0.39374,0.151358,0.0486157,4.86157,0.272943,27.2943,N/A,#VALUE!,#VALUE!,41005.67472
1,4,152455,0.0836628,0.594312,0.134518,0.735944,0.162895,0.0473438,4.73438,0.137894,13.7894,N/A,#VALUE!,#VALUE!,105643.6872
1,5,152455,0.0836628,0.594312,0.134518,0.735944,0.365965,0.144522,14.4522,0.137894,13.7894,N/A,#VALUE!,#VALUE!,105643.6872
1,6,149674,0.0992196,0.497795,0.177826,0.806965,0.242671,0.0609514,6.09514,0.0801357,8.01357,199.9,0.04008789395,80.17578789,116419.2791
1,7,207134,0.207679,0.494147,0.200691,0.796099,0.226715,0.0521928,5.21928,0.0991088,9.91088,242.5,0.04086960825,81.73921649,128343.7011
1,8,214219,0.175083,0.419806,0.192411,0.836552,0.102861,0.055488,5.5488,0.0606219,6.06219,158.4,0.03827140152,76.54280303,136065.4144
1,9,136017,0.210884,0.725281,0.130837,0.447831,0.193905,0.207454,20.7454,0.227496,22.7496,319.2,0.07127067669,142.5413534,51845.49334
1,10,147442,0.263589,0.634306,0.113753,0.404862,0.24763,0.0522675,5.22675,0.235349,23.5349,N/A,#VALUE!,#VALUE!,50820.97302
1,11,128316,0.250312,0.640093,0.127981,0.272638,0.178012,0.0823274,8.23274,0.315459,31.5459,N/A,#VALUE!,#VALUE!,38090.60882
1,12,219998,0.233601,0.504313,0.14896,0.346883,0.0651637,0.0482465,4.82465,0.18721,18.721,N/A,#VALUE!,#VALUE!,58406.98141
2,1,156357,0.39301,0.467396,0.0868973,0.0971418,0.193484,0.0612156,6.12156,0.441854,44.1854,N/A,#VALUE!,#VALUE!,21719.00203
2,2,156357,0.39301,0.467396,0.0868973,0.0971418,0.118642,0.0585532,5.85532,0.441854,44.1854,N/A,#VALUE!,#VALUE!,21719.00203
2,3,188075,0.416202,0.511152,0.103432,0.133291,0.28639,0.088883,8.8883,0.358108,35.8108,N/A,#VALUE!,#VALUE!,26904.79446
2,4,149710,0.404053,0.449061,0.0848908,0.176039,0.156464,0.0897986,8.97986,0.364129,36.4129,N/A,#VALUE!,#VALUE!,32009.78549
2,5,148339,0.473295,0.434271,0.0798239,0.114868,0.277404,0.0425971,4.25971,0.364299,36.4299,N/A,#VALUE!,#VALUE!,31249.4236
2,6,188075,0.416202,0.511152,0.103432,0.133291,0.066158,0.0255133,2.55133,0.358108,35.8108,N/A,#VALUE!,#VALUE!,26904.79446
2,7,143540,0.483093,0.430527,0.0839418,0.171753,0.115197,0.0617861,6.17861,0.329467,32.9467,N/A,#VALUE!,#VALUE!,36624.78854
2,8,113242,0.301936,0.647067,0.191554,0.387317,0.103638,0.053268,5.3268,0.184964,18.4964,424.8,0.04354143126,87.08286252,55924.92814
2,9,187975,0.396083,0.593771,0.139199,0.183028,0.248212,0.025599,2.5599,0.246541,24.6541,N/A,#VALUE!,#VALUE!,41441.7951
2,10,113395,0.277344,0.691927,0.208325,0.284463,0.066158,0.0255133,2.55133,0.102201,10.2201,893.3,0.01144083734,22.88167469,61659.75573
2,11,120116,0.336305,0.701175,0.169836,0.246092,0.320539,0.125234,12.5234,0.163771,16.3771,N/A,#VALUE!,#VALUE!,49742.5851
2,12,150411,0.355518,0.492371,0.134219,0.230062,0.137427,0.0576741,5.76741,0.146058,14.6058,N/A,#VALUE!,#VALUE!,60883.8551
3,1,152002,0.194612,0.530685,0.115308,0.534073,0.409902,0.135409,13.5409,0.233335,23.3335,500.2,0.04664834066,93.29668133,79359.40605
3,2,135444,0.214349,0.680407,0.107292,0.664213,0.249954,0.041928,4.1928,0.148676,14.8676,N/A,#VALUE!,#VALUE!,95886.40015
3,3,142027,0.291706,0.652979,0.103304,0.358052,0.195245,0.0735281,7.35281,0.243765,24.3765,N/A,#VALUE!,#VALUE!,53771.26005
3,4,140474,0.302537,0.631497,0.074149,0.321756,0.293769,0.106533,10.6533,0.271181,27.1181,N/A,#VALUE!,#VALUE!,52475.3299
3,5,176471,0.373037,0.572717,0.111174,0.124794,0.306788,0.0628054,6.28054,0.246757,24.6757,N/A,#VALUE!,#VALUE!,38107.18346
3,6,116209,0.322347,0.553682,0.0987101,0.733534,0.116462,0.0476766,4.76766,0.0778846,7.78846,1383.1,0.005631161883,11.26232377,139645.538
3,7,144332,0.409016,0.681423,0.107377,0.29313,0.154241,0.048298,4.8298,0.221474,22.1474,1241.1,0.01784497623,35.68995246,58826.52714
3,8,141725,0.248476,0.614312,0.108153,0.423832,0.0651637,0.0482465,4.82465,0.199759,19.9759,N/A,#VALUE!,#VALUE!,62265.76623
3,9,113212,0.264051,0.562761,0.153261,0.344156,0.188875,0.0574858,5.74858,0.191438,19.1438,N/A,#VALUE!,#VALUE!,52906.2707
3,10,123488,0.283997,0.635926,0.171021,0.416183,0.365965,0.144522,14.4522,0.151506,15.1506,1583,0.009570814908,19.14162982,71145.63294
3,11,205850,0.37288,0.660888,0.142521,0.316114,0.409902,0.135409,13.5409,0.17261,17.261,N/A,#VALUE!,#VALUE!,55414.22185
3,12,146556,0.411436,0.485749,0.144812,0.301096,0.185516,0.0675319,6.75319,0.308085,30.8085,N/A,#VALUE!,#VALUE!,46993.26566
3,13,122009,0.279096,0.6296418462,0.236605,0.388233,0.152175,0.0389852,3.89852,0.248412,24.8412,N/A,#VALUE!,#VALUE!,37415.19199
3,14,150707,0.292092,0.691266,0.134572,0.414249,0.197526,0.0594411,5.94411,0.168204,16.8204,N/A,#VALUE!,#VALUE!,58631.77505
3,15,171030,0.316846,0.541726,0.179758,0.389725,0.0629935,0.0420433,4.20433,0.139837,13.9837,N/A,#VALUE!,#VALUE!,63474.67949
3,16,111511,0.251754,0.449812,0.121997,0.126875,0.200679,0.0988345,9.88345,0.398762,39.8762,N/A,#VALUE!,#VALUE!,20981.43027
3,17,140087,0.287223,0.237196,0.159658,0.251021,0.116365,0.0746062,7.46062,0.136625,13.6625,N/A,#VALUE!,#VALUE!,51121.38849
3,18,215637,0.347499,0.553357,0.153156,0.313114,0.083089,0.0300181,3.00181,0.0889643,8.89643,N/A,#VALUE!,#VALUE!,79399.80675
4,1,164321,0.199645,0.680867,0.125206,0.474067,0.177869,0.0820128,8.20128,0.130441,13.0441,N/A,#VALUE!,#VALUE!,68766.13529
4,2,133822,0.212797,0.684958,0.137825,0.425231,0.190004,0.100054,10.0054,0.0926973,9.26973,N/A,#VALUE!,#VALUE!,69778.22462
4,3,170222,0.372701,0.556929,0.131258,0.208303,0.14284,0.0516201,5.16201,0.135181,13.5181,N/A,#VALUE!,#VALUE!,58633.84688
4,4,146301,0.345534,0.5756,0.115919,0.212845,0.275124,0.0842238,8.42238,0.155565,15.5565,N/A,#VALUE!,#VALUE!,53859.31286
4,5,199043,0.341752,0.59372,0.117065,0.290145,0.114342,0.0780404,7.80404,0.0844256,8.44256,2380.3,0.003546847036,7.093694072,73792.39675
4,6,118922,0.224345,0.663016,0.196751,0.563695,0.225169,0.0539789,5.39789,0.0814506,8.14506,N/A,#VALUE!,#VALUE!,78156.70828
4,7,260282,0.26895,0.613957,0.196014,0.230612,0.038651,0.0388045,3.88045,0.161814,16.1814,N/A,#VALUE!,#VALUE!,53125.88476
4,8,164291,0.287186,0.742583,0.149059,0.387581,0.136286,0.0297508,2.97508,0.123256,12.3256,N/A,#VALUE!,#VALUE!,66303.76441
4,9,152283,0.326275,0.716241,0.129161,0.270348,0.374887,0.0669157,6.69157,0.121566,12.1566,N/A,#VALUE!,#VALUE!,72427.06027
4,10,139323,0.354541,0.795942,0.13969,0.229345,0.148426,0.0766885,7.66885,0.1038,10.38,1370.7,0.007572773036,15.14554607,76544.82394
4,11,118670,0.245637,0.63191,0.227218,0.379197,0.36659,0.159737,15.9737,0.0975641,9.75641,2841.7,0.003433300489,6.866600978,72674.64405
4,12,249331,0.350284,0.600096,0.134331,0.208387,0.0199923,0.0210348,2.10348,0.112985,11.2985,N/A,#VALUE!,#VALUE!,63884.90198
4,13,208786,0.366032,0.654495,0.169748,0.307976,0.0354981,0.0476101,4.76101,0.0886994,8.86994,N/A,#VALUE!,#VALUE!,88940.58747
4,14,133051,0.362556,0.693223,0.145921,0.284073,0.292028,0.0869059,8.69059,0.19763,19.763,N/A,#VALUE!,#VALUE!,55951.86194
5,1,176632,0.340623,0.70794,0.131239,0.3008,0.197845,0.0717669,7.17669,0.178726,17.8726,1798.4,0.00993805605,19.8761121,65128.00045
5,2,143766,0.379403,0.546515,0.160163,0.352979,0.150282,0.0548647,5.48647,0.101521,10.1521,N/A,#VALUE!,#VALUE!,84413.63723
1,1,152813,0.182456,0.40203,0.116463,0.801471,0.142849,0.0556043,5.56043,0.0800945,8.00945,169.5,0.04725339233,94.50678466,144920.1012
1,2,152813,0.182456,0.40203,0.116463,0.801471,0.187353,0.0680491,6.80491,0.0800945,8.00945,,#DIV/0!,#DIV/0!,144920.1012
1,3,159296,0.140442,0.71967,0.171316,0.431508,0.123816,0.0274305,2.74305,0.254788,25.4788,,#DIV/0!,#DIV/0!,43522.50279
1,4,140247,0.0931744,0.574172,0.116231,0.781225,0.169496,0.0852155,8.52155,0.126772,12.6772,,#DIV/0!,#DIV/0!,107256.2953
1,5,140247,0.0931744,0.574172,0.116231,0.781225,0.325057,0.116321,11.6321,0.126772,12.6772,,#DIV/0!,#DIV/0!,107256.2953
1,6,141162,0.122173,0.449469,0.177194,0.800192,0.246662,0.0605035,6.05035,0.0711036,7.11036,,#DIV/0!,#DIV/0!,116604.6504
1,7,189492,0.139366,0.485157,0.219339,0.769494,0.220657,0.0514113,5.14113,0.103973,10.3973,176.6,0.05887485844,117.7497169,117522.4813
1,8,219004,0.178374,0.444634,0.180905,0.808537,0.0926573,0.0627055,6.27055,0.0652591,6.52591,81.7,0.07987649939,159.7529988,123543.8317
1,9,125195,0.255392,0.727091,0.117425,0.448703,0.260792,0.140154,14.0154,0.275085,27.5085,108,0.2547083333,509.4166667,51789.3174
1,10,143487,0.2423,0.629828,0.105452,0.370467,0.260961,0.0737112,7.37112,0.271841,27.1841,,#DIV/0!,#DIV/0!,48208.82659
1,11,134279,0.304652,0.686723,0.119877,0.34396,0.168429,0.0812333,8.12333,0.322974,32.2974,,#DIV/0!,#DIV/0!,36357.29642
1,12,238759,0.295429,0.502434,0.134491,0.342889,0.0428082,0.0334111,3.34111,0.222231,22.2231,,#DIV/0!,#DIV/0!,54954.72475
2,1,166272,0.427572,0.467356,0.0745044,0.0988052,0.14843,0.0950565,9.50565,0.369278,36.9278,,#DIV/0!,#DIV/0!,28846.71527
2,2,166272,0.427572,0.467356,0.0745044,0.0988052,0.132757,0.0717623,7.17623,0.369278,36.9278,,#DIV/0!,#DIV/0!,28846.71527
2,3,174740,0.399039,0.505649,0.0938137,0.133811,0.230281,0.0724255,7.24255,0.363162,36.3162,,#DIV/0!,#DIV/0!,27262.42731
2,4,151835,0.418453,0.457262,0.0962492,0.139614,0.217267,0.0800768,8.00768,0.348673,34.8673,,#DIV/0!,#DIV/0!,33268.99108
2,5,135115,0.387127,0.434761,0.0842246,0.114526,0.269085,0.0446672,4.46672,0.410585,41.0585,,#DIV/0!,#DIV/0!,28111.60566
2,6,174740,0.399039,0.505649,0.0938137,0.133811,0.0419474,0.0392204,3.92204,0.363162,36.3162,,#DIV/0!,#DIV/0!,27262.42731
2,7,138899,0.39452,0.429235,0.0969553,0.135603,0.201555,0.0640831,6.40831,0.310326,31.0326,,#DIV/0!,#DIV/0!,35974.95493
2,8,108865,0.284857,0.636726,0.17417,0.37552,0.111699,0.0679196,6.79196,0.178227,17.8227,301,0.05921162791,118.4232558,61572.82368
2,9,193240,0.384563,0.597893,0.109827,0.155332,0.252902,0.041913,4.1913,0.280115,28.0115,,#DIV/0!,#DIV/0!,39560.72669
2,10,111431,0.269756,0.678787,0.209744,0.255065,0.0419474,0.0392204,3.92204,0.146938,14.6938,497.9,0.0295115485,59.02309701,62737.80343
2,11,124632,0.325119,0.694159,0.151205,0.237516,0.351847,0.116032,11.6032,0.196,19.6,,#DIV/0!,#DIV/0!,53664.05816
2,12,150691,0.355501,0.465451,0.134965,0.23599,0.131698,0.0989966,9.89966,0.17581,17.581,,#DIV/0!,#DIV/0!,54268.19997
3,1,166361,0.226827,0.52367,0.0916982,0.477076,0.369326,0.105416,10.5416,0.208639,20.8639,187.2,0.1114524573,222.9049145,73606.01887
3,2,143328,0.229201,0.678321,0.105688,0.623939,0.277971,0.0513101,5.13101,0.155473,15.5473,,#DIV/0!,#DIV/0!,91874.9715
3,3,148237,0.273284,0.659109,0.095091,0.361438,0.170351,0.0902425,9.02425,0.266738,26.6738,,#DIV/0!,#DIV/0!,54325.23433
3,4,139306,0.264206,0.62031,0.0909509,0.298001,0.332652,0.107136,10.7136,0.286924,28.6924,,#DIV/0!,#DIV/0!,51151.37744
3,5,160769,0.373647,0.601005,0.118369,0.144712,0.265529,0.0556135,5.56135,0.290926,29.0926,,#DIV/0!,#DIV/0!,40008.55209
3,6,114007,0.313185,0.551766,0.0942749,0.716239,0.109786,0.0528109,5.28109,0.1058,10.58,1516.8,0.00697521097,13.95042194,109709.8292
3,7,149399,0.395687,0.682789,0.0995723,0.276273,0.138758,0.0442199,4.42199,0.257568,25.7568,1035.4,0.02487618312,49.75236624,56258.06565
3,8,134788,0.246407,0.612914,0.115552,0.416785,0.0428082,0.0334111,3.34111,0.226958,22.6958,,#DIV/0!,#DIV/0!,54804.74549
3,9,110382,0.266882,0.523948,0.136408,0.341119,0.192635,0.0735188,7.35188,0.182502,18.2502,,#DIV/0!,#DIV/0!,53653.49624
3,10,118804,0.275276,0.604579,0.150433,0.40418,0.325057,0.116321,11.6321,0.150407,15.0407,1482.1,0.01014823561,20.29647122,70310.6999
3,11,189426,0.332958,0.645525,0.149657,0.308968,0.369326,0.105416,10.5416,0.151707,15.1707,,#DIV/0!,#DIV/0!,53953.45476
3,12,151250,0.444365,0.474006,0.118083,0.289187,0.150582,0.067792,6.7792,0.316976,31.6976,,#DIV/0!,#DIV/0!,48369.36777
3,13,116847,0.260589,0.637033,0.227973,0.402057,0.166902,0.0468732,4.68732,0.219073,21.9073,,#DIV/0!,#DIV/0!,41416.45599
3,14,163620,0.363376,0.717719,0.107224,0.339099,0.239477,0.0554396,5.54396,0.212233,21.2233,,#DIV/0!,#DIV/0!,53495.06744
3,15,159017,0.28389,0.543079,0.186955,0.405013,0.0890025,0.0535806,5.35806,0.161769,16.1769,,#DIV/0!,#DIV/0!,63529.94741
3,16,109658,0.277578,0.43534,0.123329,0.163167,0.224479,0.0848907,8.48907,0.331917,33.1917,,#DIV/0!,#DIV/0!,31904.39105
3,17,145860,0.339305,0.246038,0.145187,0.271408,0.123748,0.0651269,6.51269,0.149164,14.9164,,#DIV/0!,#DIV/0!,54136.17597
3,18,208091,0.361208,0.534789,0.137137,0.322552,0.0734432,0.0444508,4.44508,0.0910019,9.10019,,#DIV/0!,#DIV/0!,79627.36933
4,1,171988,0.187705,0.668059,0.13498,0.455153,0.189393,0.0660517,6.60517,0.13799,13.799,,#DIV/0!,#DIV/0!,63800.33256
4,2,135767,0.213192,0.690793,0.130157,0.397895,0.22027,0.0896789,8.96789,0.100879,10.0879,,#DIV/0!,#DIV/0!,65774.35536
4,3,166144,0.368097,0.52008,0.129532,0.205567,0.161856,0.0746437,7.46437,0.154956,15.4956,,#DIV/0!,#DIV/0!,56062.67013
4,4,141167,0.392756,0.603365,0.127601,0.193733,0.29218,0.0958873,9.58873,0.192911,19.2911,,#DIV/0!,#DIV/0!,44596.65003
4,5,192600,0.33963,0.584503,0.110981,0.288438,0.12559,0.0791545,7.91545,0.0909314,9.09314,1684.9,0.005396842543,10.79368509,78905.99021
4,6,111730,0.186324,0.639958,0.194845,0.594537,0.226156,0.0885484,8.85484,0.131413,13.1413,,#DIV/0!,#DIV/0!,74531.24304
4,7,245864,0.280034,0.60321,0.178774,0.265832,0.0407417,0.0331804,3.31804,0.158729,15.8729,,#DIV/0!,#DIV/0!,53913.31946
4,8,166115,0.307115,0.749787,0.151082,0.411646,0.177813,0.035191,3.5191,0.134056,13.4056,,#DIV/0!,#DIV/0!,70386.74573
4,9,164094,0.380576,0.710047,0.108925,0.269869,0.427687,0.0530562,5.30562,0.133754,13.3754,,#DIV/0!,#DIV/0!,70269.50842
4,10,135422,0.390231,0.812126,0.133154,0.225865,0.151849,0.0837147,8.37147,0.138567,13.8567,2053.3,0.006748502411,13.49700482,76550.6821
4,11,117381,0.288932,0.653167,0.192842,0.410023,0.343143,0.127352,12.7352,0.0764139,7.64139,,#DIV/0!,#DIV/0!,83560.62825
4,12,243300,0.373483,0.581969,0.123268,0.22113,0.03112,0.0338344,3.38344,0.111915,11.1915,,#DIV/0!,#DIV/0!,63468.68828
4,13,214163,0.352793,0.648325,0.159047,0.292379,0.0389848,0.0517672,5.17672,0.0833009,8.33009,,#DIV/0!,#DIV/0!,85075.20755
4,14,127381,0.363155,0.708716,0.136261,0.2771,0.272426,0.0903377,9.03377,0.228162,22.8162,,#DIV/0!,#DIV/0!,46855.84467
5,1,174943,0.371521,0.721429,0.128585,0.294963,0.193461,0.0923829,9.23829,0.209689,20.9689,1419.5,0.01477203241,29.54406481,69259.78889
5,2,142815,0.370669,0.501805,0.164366,0.342885,0.167162,0.0608212,6.08212,0.119828,11.9828,,#DIV/0!,#DIV/0!,86769.33948
1,1,153302,0.142625,0.479794,0.113508,0.835029,0.156829,0.0610463,6.10463,0.0736603,7.36603,146.4,0.05031441257,100.6288251,130405.8556
1,2,153302,0.142625,0.479794,0.113508,0.835029,0.178095,0.0772415,7.72415,0.0736603,7.36603,,#DIV/0!,#DIV/0!,130405.8556
1,3,164036,0.144998,0.722378,0.159483,0.44675,0.100707,0.0620334,6.20334,0.29359,29.359,,#DIV/0!,#DIV/0!,45124.06432
1,4,159606,0.0860018,0.591854,0.120904,0.760509,0.18737,0.120195,12.0195,0.132248,13.2248,,#DIV/0!,#DIV/0!,109186.827
1,5,159606,0.0860018,0.591854,0.120904,0.760509,0.368753,0.157358,15.7358,0.132248,13.2248,,#DIV/0!,#DIV/0!,109186.827
1,6,140575,0.0731241,0.473497,0.1774,0.834507,0.258757,0.0731518,7.31518,0.100366,10.0366,,#DIV/0!,#DIV/0!,114072.029
1,7,189827,0.136896,0.529023,0.197627,0.735886,0.257334,0.0589586,5.89586,0.116699,11.6699,166.7,0.07000539892,140.0107978,107866.2424
1,8,214571,0.180685,0.417461,0.200451,0.779326,0.109327,0.0708097,7.08097,0.0452909,4.52909,122.9,0.03685183076,73.70366151,109375.7869
1,9,132630,0.233558,0.711838,0.123652,0.496669,0.255702,0.138017,13.8017,0.256041,25.6041,,#DIV/0!,#DIV/0!,51972.52824
1,10,140209,0.271756,0.621381,0.083668,0.37974,0.291183,0.0850436,8.50436,0.240871,24.0871,,#DIV/0!,#DIV/0!,49154.14246
1,11,122434,0.265156,0.652364,0.120571,0.320316,0.190528,0.11609,11.609,0.37491,37.491,,#DIV/0!,#DIV/0!,32090.0977
1,12,227328,0.261438,0.492732,0.12712,0.3279,0.0540351,0.0477439,4.77439,0.21682,21.682,,#DIV/0!,#DIV/0!,48369.47824
2,1,165085,0.428635,0.472108,0.0915771,0.109612,0.194891,0.130089,13.0089,0.403996,40.3996,,#DIV/0!,#DIV/0!,26057.25755
2,2,165085,0.428635,0.472108,0.0915771,0.109612,0.146243,0.0796072,7.96072,0.403996,40.3996,,#DIV/0!,#DIV/0!,26057.25755
2,3,176226,0.419907,0.499022,0.0864912,0.143898,0.283825,0.131137,13.1137,0.420828,42.0828,,#DIV/0!,#DIV/0!,25673.99979
2,4,154296,0.400997,0.486748,0.0870211,0.162695,0.22384,0.0651905,6.51905,0.360677,36.0677,,#DIV/0!,#DIV/0!,27892.41101
2,5,143996,0.45994,0.463847,0.0735368,0.134106,0.280045,0.0572712,5.72712,0.382662,38.2662,,#DIV/0!,#DIV/0!,25815.98664
2,6,176226,0.419907,0.499022,0.0864912,0.143898,0.0341641,0.0416134,4.16134,0.420828,42.0828,,#DIV/0!,#DIV/0!,25673.99979
2,7,129884,0.369887,0.470931,0.0860999,0.198719,0.156788,0.0726434,7.26434,0.332531,33.2531,,#DIV/0!,#DIV/0!,34097.12999
2,8,112505,0.320102,0.668152,0.170135,0.432882,0.108215,0.0622399,6.22399,0.175372,17.5372,,#DIV/0!,#DIV/0!,65886.17284
2,9,178301,0.375111,0.584243,0.129113,0.16671,0.222781,0.046551,4.6551,0.303795,30.3795,,#DIV/0!,#DIV/0!,39272.71114
2,10,116042,0.24,0.7008277141,0.205305,0.248895,0.0341641,0.0416134,4.16134,0.118062,11.8062,471.4,0.02504497242,50.08994485,54296.62893
2,11,133573,0.364128,0.683922,0.126523,0.230115,0.340961,0.0674517,6.74517,0.236834,23.6834,,#DIV/0!,#DIV/0!,48632.10055
2,12,145536,0.386256,0.545966,0.123172,0.220636,0.15589,0.0894677,8.94677,0.197446,19.7446,,#DIV/0!,#DIV/0!,50679.70052
3,1,167820,0.234861,0.552457,0.0980574,0.461494,0.42522,0.113603,11.3603,0.228215,22.8215,,#DIV/0!,#DIV/0!,71641.4447
3,2,134656,0.226872,0.697808,0.0949234,0.620598,0.310798,0.0495028,4.95028,0.161054,16.1054,,#DIV/0!,#DIV/0!,92507.10755
3,3,150857,0.333614,0.638502,0.093002,0.291251,0.208256,0.110466,11.0466,0.337039,33.7039,,#DIV/0!,#DIV/0!,42216.00264
3,4,122010,0.279082,0.618838,0.0828375,0.268616,0.299864,0.149902,14.9902,0.291008,29.1008,,#DIV/0!,#DIV/0!,46111.56691
3,5,158756,0.364698,0.597427,0.105791,0.167665,0.229677,0.0653941,6.53941,0.284309,28.4309,,#DIV/0!,#DIV/0!,37470.65235
3,6,117037,0.290075,0.524737,0.0990456,0.763731,0.100631,0.048364,4.8364,0.084893,8.4893,1213.3,0.006996868046,13.99373609,119002.0689
3,7,149773,0.398412,0.681982,0.100258,0.281221,0.160257,0.0524106,5.24106,0.315649,31.5649,1092,0.02890558608,57.81117216,48277.66719
3,8,131303,0.274744,0.621518,0.100691,0.38689,0.0540351,0.0477439,4.77439,0.238091,23.8091,,#DIV/0!,#DIV/0!,48806.11452
3,9,115092,0.286154,0.527479,0.134892,0.279884,0.20027,0.0764969,7.64969,0.202044,20.2044,,#DIV/0!,#DIV/0!,48256.31578
3,10,122418,0.281271,0.601466,0.164861,0.421537,0.368753,0.157358,15.7358,0.139103,13.9103,1168.1,0.01190848386,23.81696773,68728.04516
3,11,187861,0.348078,0.638644,0.147593,0.290693,0.42522,0.113603,11.3603,0.200992,20.0992,,#DIV/0!,#DIV/0!,53409.47795
3,12,161856,0.442435,0.500007,0.112069,0.268612,0.148191,0.0627135,6.27135,0.300819,30.0819,,#DIV/0!,#DIV/0!,46089.14794
3,13,122781,0.297218,0.621087,0.200414,0.370671,0.143182,0.0551451,5.51451,0.209864,20.9864,,#DIV/0!,#DIV/0!,43003.86957
3,14,163459,0.348343,0.70639,0.134248,0.396045,0.219123,0.0689714,6.89714,0.221004,22.1004,,#DIV/0!,#DIV/0!,53012.34177
3,15,147318,0.31604,0.531507,0.171717,0.404248,0.0830166,0.0460316,4.60316,0.16407,16.407,,#DIV/0!,#DIV/0!,58085.43616
3,16,127468,0.338482,0.443838,0.10689,0.146406,0.246063,0.121399,12.1399,0.349785,34.9785,,#DIV/0!,#DIV/0!,28889.52173
3,17,143028,0.323772,0.217084,0.156417,0.217501,0.129839,0.0744665,7.44665,0.169806,16.9806,,#DIV/0!,#DIV/0!,53723.34364
3,18,213242,0.392679,0.542341,0.125388,0.311915,0.0742605,0.0526213,5.26213,0.123787,12.3787,,#DIV/0!,#DIV/0!,73762.70702
4,1,175460,0.197257,0.656954,0.125704,0.461985,0.173603,0.0739621,7.39621,0.167153,16.7153,,#DIV/0!,#DIV/0!,61575.3237
4,2,144899,0.267245,0.687811,0.128938,0.367286,0.221914,0.0979387,9.79387,0.11585,11.585,,#DIV/0!,#DIV/0!,64276.27673
4,3,186415,0.375027,0.501009,0.106563,0.192001,0.164698,0.0763261,7.63261,0.16758,16.758,,#DIV/0!,#DIV/0!,57795.05702
4,4,129606,0.369214,0.630253,0.124925,0.21938,0.296741,0.117638,11.7638,0.208075,20.8075,,#DIV/0!,#DIV/0!,46690.19005
4,5,186458,0.372745,0.575231,0.111913,0.269208,0.170596,0.0939461,9.39461,0.122963,12.2963,1462.7,0.008406576878,16.81315376,66503.22852
4,6,127938,0.260055,0.648358,0.171083,0.542248,0.239915,0.0820369,8.20369,0.14056,14.056,,#DIV/0!,#DIV/0!,75724.90136
4,7,247398,0.263748,0.606813,0.186404,0.274452,0.0376851,0.0370704,3.70704,0.15407,15.407,,#DIV/0!,#DIV/0!,54127.95281
4,8,161612,0.29183,0.734201,0.147266,0.399222,0.201583,0.0473424,4.73424,0.112873,11.2873,,#DIV/0!,#DIV/0!,66577.95844
4,9,158478,0.411811,0.715603,0.107504,0.272318,0.4482,0.0594518,5.94518,0.152185,15.2185,,#DIV/0!,#DIV/0!,64555.98017
4,10,135849,0.372099,0.801501,0.12681,0.216577,0.15241,0.0724358,7.24358,0.118136,11.8136,,#DIV/0!,#DIV/0!,71858.16148
4,11,113563,0.266665,0.63478,0.190458,0.424814,0.328856,0.0781562,7.81562,0.0866674,8.66674,,#DIV/0!,#DIV/0!,84575.05971
4,12,246946,0.404925,0.570882,0.128081,0.200823,0.0192766,0.0280446,2.80446,0.131558,13.1558,,#DIV/0!,#DIV/0!,62255.36602
4,13,203013,0.362278,0.649386,0.150503,0.286676,0.0757133,0.036774,3.6774,0.0662236,6.62236,,#DIV/0!,#DIV/0!,86522.30806
4,14,121595,0.392539,0.682893,0.133681,0.286332,0.293698,0.0884945,8.84945,0.199404,19.9404,,#DIV/0!,#DIV/0!,55870.22765
5,1,170280,0.383977,0.725959,0.124747,0.315325,0.202252,0.105494,10.5494,0.218464,21.8464,1353.2,0.01614425067,32.28850133,59660.10246
5,2,136638,0.351144,0.516286,0.157423,0.340666,0.154765,0.0522173,5.22173,0.139646,13.9646,,#DIV/0!,#DIV/0!,78865.69338
1,1,159903,0.139028,0.457724,0.124319,0.811138,0.169114,0.0897409,8.97409,0.0796218,7.96218,,#DIV/0!,#DIV/0!,128473.0091
1,2,159903,0.139028,0.457724,0.124319,0.811138,0.197551,0.0741944,7.41944,0.0796218,7.96218,,#DIV/0!,#DIV/0!,128473.0091
1,3,152453,0.133246,0.712566,0.153988,0.444171,0.0882125,0.0552115,5.52115,0.218125,21.8125,,#DIV/0!,#DIV/0!,44216.77756
1,4,149447,0.0907542,0.584745,0.129859,0.718008,0.228989,0.124965,12.4965,0.130274,13.0274,,#DIV/0!,#DIV/0!,105353.4258
1,5,149447,0.0907542,0.584745,0.129859,0.718008,0.380166,0.138606,13.8606,0.130274,13.0274,,#DIV/0!,#DIV/0!,105353.4258
1,6,143349,0.0887527,0.484398,0.192991,0.782066,0.278208,0.0875491,8.75491,0.102332,10.2332,,#DIV/0!,#DIV/0!,112904.2482
1,7,192374,0.187639,0.509098,0.183985,0.77126,0.242754,0.0496426,4.96426,0.0835987,8.35987,,#DIV/0!,#DIV/0!,113498.5654
1,8,221898,0.181586,0.385964,0.182088,0.812689,0.108703,0.0851978,8.51978,0.081178,8.1178,,#DIV/0!,#DIV/0!,123179.7373
1,9,130739,0.247281,0.743552,0.0982262,0.434976,0.242237,0.107204,10.7204,0.259428,25.9428,,#DIV/0!,#DIV/0!,45145.66553
1,10,132027,0.253996,0.617003,0.0993206,0.377564,0.332499,0.13477,13.477,0.292387,29.2387,,#DIV/0!,#DIV/0!,43359.50696
1,11,129713,0.27415,0.652523,0.12449,0.272822,0.187495,0.130427,13.0427,0.363185,36.3185,,#DIV/0!,#DIV/0!,33499.82615
1,12,224365,0.303535,0.471903,0.118704,0.302879,0.0657552,0.0507684,5.07684,0.242972,24.2972,,#DIV/0!,#DIV/0!,48269.03796
2,1,167147,0.44912,0.458755,0.0912909,0.090745,0.213246,0.0902274,9.02274,0.449929,44.9929,,#DIV/0!,#DIV/0!,22571.22939
2,2,167147,0.44912,0.458755,0.0912909,0.090745,0.138683,0.0870133,8.70133,0.449929,44.9929,,#DIV/0!,#DIV/0!,22571.22939
2,3,172247,0.43257,0.50057,0.0888143,0.118747,0.280016,0.106604,10.6604,0.442169,44.2169,,#DIV/0!,#DIV/0!,23559.97665
2,4,141467,0.418275,0.52329,0.0919508,0.162636,0.228841,0.083508,8.3508,0.372966,37.2966,,#DIV/0!,#DIV/0!,29077.72083
2,5,132850,0.409338,0.443515,0.0747761,0.126378,0.301121,0.0547661,5.47661,0.454282,45.4282,,#DIV/0!,#DIV/0!,22310.4139
2,6,172247,0.43257,0.50057,0.0888143,0.118747,0.0401894,0.0439678,4.39678,0.442169,44.2169,,#DIV/0!,#DIV/0!,23559.97665
2,7,135893,0.389507,0.500659,0.0909981,0.179763,0.208556,0.0877641,8.77641,0.314513,31.4513,,#DIV/0!,#DIV/0!,37941.17196
2,8,106737,0.304032,0.652253,0.165941,0.39869,0.138461,0.0843441,8.43441,0.224732,22.4732,,#DIV/0!,#DIV/0!,57960.89896
2,9,190126,0.355736,0.56204,0.1106,0.160895,0.207164,0.0565932,5.65932,0.297886,29.7886,,#DIV/0!,#DIV/0!,38542.97165
2,10,121209,0.310499,0.690088,0.198013,0.271717,0.0401894,0.0439678,4.39678,0.109928,10.9928,407.6,0.02696957802,53.93915604,58749.75894
2,11,135839,0.386692,0.676793,0.128564,0.24109,0.370175,0.109136,10.9136,0.202056,20.2056,,#DIV/0!,#DIV/0!,51211.76359
2,12,134644,0.381753,0.536676,0.116478,0.234439,0.136156,0.0876828,8.76828,0.189065,18.9065,,#DIV/0!,#DIV/0!,48000.74005
3,1,154713,0.236291,0.571884,0.0796313,0.495817,0.40432,0.110393,11.0393,0.230649,23.0649,,#DIV/0!,#DIV/0!,61802.58292
3,2,139070,0.235224,0.694883,0.109247,0.589004,0.317318,0.0695861,6.95861,0.193943,19.3943,,#DIV/0!,#DIV/0!,90396.08482
3,3,133235,0.279849,0.629319,0.107517,0.286301,0.186506,0.125865,12.5865,0.30288,30.288,,#DIV/0!,#DIV/0!,37067.86762
3,4,137368,0.324338,0.589767,0.0855075,0.23646,0.329067,0.13454,13.454,0.27073,27.073,,#DIV/0!,#DIV/0!,43273.99368
3,5,155863,0.352002,0.569374,0.112612,0.150984,0.249701,0.067197,6.7197,0.28704,28.704,,#DIV/0!,#DIV/0!,35269.95098
3,6,125062,0.321914,0.517121,0.0845661,0.703346,0.12123,0.0588902,5.88902,0.0906392,9.06392,,#DIV/0!,#DIV/0!,120835.6046
3,7,152685,0.411621,0.669526,0.0751613,0.265287,0.161381,0.0703862,7.03862,0.275736,27.5736,972.2,0.02836206542,56.72413084,51362.48074
3,8,126747,0.277225,0.528893,0.102148,0.366859,0.0657552,0.0507684,5.07684,0.246389,24.6389,,#DIV/0!,#DIV/0!,47998.60222
3,9,109337,0.291781,0.511714,0.12424,0.321164,0.213485,0.0750135,7.50135,0.219076,21.9076,,#DIV/0!,#DIV/0!,44695.65191
3,10,128545,0.29773,0.605431,0.136388,0.384092,0.380166,0.138606,13.8606,0.218447,21.8447,,#DIV/0!,#DIV/0!,60603.25921
3,11,187637,0.356107,0.626697,0.153973,0.301491,0.40432,0.110393,11.0393,0.196442,19.6442,,#DIV/0!,#DIV/0!,51038.59921
3,12,170011,0.44223,0.468478,0.104511,0.289936,0.133392,0.0809772,8.09772,0.327377,32.7377,,#DIV/0!,#DIV/0!,46200.68558
3,13,110727,0.268693,0.618549,0.241097,0.321261,0.154328,0.0686833,6.86833,0.326265,32.6265,,#DIV/0!,#DIV/0!,31616.39623
3,14,180723,0.341583,0.712596,0.116549,0.358884,0.228959,0.0769591,7.69591,0.208331,20.8331,,#DIV/0!,#DIV/0!,53783.57539
3,15,137815,0.267212,0.483386,0.181417,0.398863,0.0764842,0.0683108,6.83108,0.178582,17.8582,,#DIV/0!,#DIV/0!,56350.04261
3,16,123772,0.389979,0.388865,0.101574,0.122095,0.228414,0.105463,10.5463,0.385895,38.5895,,#DIV/0!,#DIV/0!,26999.74821
3,17,137526,0.298101,0.23187,0.151651,0.217795,0.129048,0.0763117,7.63117,0.191812,19.1812,,#DIV/0!,#DIV/0!,45267.52195
3,18,210957,0.347771,0.552933,0.13006,0.311622,0.0777177,0.0636059,6.36059,0.129303,12.9303,,#DIV/0!,#DIV/0!,66368.99189
4,1,182860,0.172285,0.669118,0.110642,0.434525,0.16928,0.0975457,9.75457,0.171292,17.1292,,#DIV/0!,#DIV/0!,60146.83209
4,2,150100,0.285177,0.687284,0.0938708,0.348056,0.253198,0.0770779,7.70779,0.158164,15.8164,,#DIV/0!,#DIV/0!,61211.47239
4,3,182354,0.395433,0.517106,0.123129,0.21419,0.150906,0.0719176,7.19176,0.170757,17.0757,,#DIV/0!,#DIV/0!,53028.92072
4,4,154740,0.394895,0.640693,0.113112,0.245433,0.303401,0.14256,14.256,0.206051,20.6051,,#DIV/0!,#DIV/0!,48383.41197
4,5,168488,0.293434,0.581742,0.131107,0.256652,0.151729,0.106957,10.6957,0.133942,13.3942,,#DIV/0!,#DIV/0!,68047.18995
4,6,107893,0.183177,0.646216,0.213638,0.54193,0.244187,0.091522,9.1522,0.112426,11.2426,,#DIV/0!,#DIV/0!,65513.85912
4,7,256742,0.291785,0.629796,0.162681,0.246949,0.0204118,0.0410828,4.10828,0.18822,18.822,,#DIV/0!,#DIV/0!,55695.86604
4,8,159330,0.307657,0.740487,0.129392,0.35553,0.233554,0.0530496,5.30496,0.144489,14.4489,,#DIV/0!,#DIV/0!,59136.70651
4,9,151202,0.392164,0.707653,0.103279,0.239986,0.365767,0.0651295,6.51295,0.144938,14.4938,,#DIV/0!,#DIV/0!,65497.82539
4,10,134827,0.434663,0.82385,0.139164,0.198708,0.17343,0.0744913,7.44913,0.157977,15.7977,,#DIV/0!,#DIV/0!,65146.15203
4,11,120996,0.292729,0.616578,0.179824,0.435078,0.359739,0.12128,12.128,0.0798575,7.98575,,#DIV/0!,#DIV/0!,86438.95794
4,12,251002,0.390632,0.571786,0.121656,0.216329,0.0291163,0.0301422,3.01422,0.15148,15.148,,#DIV/0!,#DIV/0!,56157.63774
4,13,193102,0.327657,0.607197,0.157378,0.269089,0.0425404,0.0437339,4.37339,0.0866794,8.66794,,#DIV/0!,#DIV/0!,80951.1434
4,14,107944,0.289199,0.696465,0.157628,0.272266,0.298522,0.116316,11.6316,0.19724,19.724,,#DIV/0!,#DIV/0!,47287.77311
5,1,176338,0.358277,0.72338,0.114303,0.296589,0.197803,0.136041,13.6041,0.224888,22.4888,728.7,0.03086153424,61.72306848,61571.69707
5,2,126200,0.296514,0.51177,0.174794,0.302629,0.168984,0.0643674,6.43674,0.0905267,9.05267,,#DIV/0!,#DIV/0!,76383.66551